output_channel,L,M,S
X,1.93097725,-1.3615588,0.42576262
Y,0.68698673,0.35293198,0
Z,0,0,2.09217586
